{"Odata2019File.csv": 123.10590171813965, "Odata2020File.csv": 139.78167128562927}